20251120213722899,1.0,0.4444444444444444,Positive,2025-11-20 21:37:22,Had a good day — finished my practice and felt productive
20251120213749538,1.0,0.16666666666666666,Positive,2025-11-20 21:37:49,Feeling great after completing a task
20251120213809660,-1.0,0.5454545454545454,Negative,2025-11-20 21:38:09,I feel depressed and extremely stressed today. Everything went wrong and I hate how things turned out.
20251120213820024,-1.0,0.2857142857142857,Negative,2025-11-20 21:38:20,Today was terrible — I felt stressed the whole time and couldn’t focus on anything.
20251120213828396,-1.0,0.16666666666666666,Negative,2025-11-20 21:38:28,Feeling lonely and sad right now.
20251120213936250,0.0,0.0,Neutral,2025-11-20 21:39:36,Today was okay. Nothing special happened.
20251120213947730,1.0,0.16666666666666666,Positive,2025-11-20 21:39:47,Started the day stressed but ended feeling happy and accomplished.
20251120214022583,0.0,0.2857142857142857,Neutral,2025-11-20 21:40:22,I was hopeful in the morning but things went bad and I felt stressed later.
20251120214106338,0.0,0.0,Neutral,2025-11-20 21:41:06,I felt a bit tired but overall the day was fine.
20251120214320373,0.0,0.0,Neutral,2025-11-20 21:43:20,I woke up  did some work  and took rest. Nothing much to say.
20251120214434365,1.0,0.2857142857142857,Positive,2025-11-20 21:44:34,I felt really good today — my practice went smoothly and I stayed productive throughout.
